City,Lat,Lng,Max_Temp,Humidity,Cloudiness,Wind_Speed,Country,Date
Dhubri,26.03,89.97,77.79,94,100,5.03,IN,1600988144
Springbok,-29.66,17.89,49.71,80,0,4.85,ZA,1600988144
Torbay,47.67,-52.73,60.01,82,20,21.92,CA,1600987835
Ponta do Sol,32.67,-17.1,73.4,78,20,4.7,PT,1600987929
Karonga,-9.93,33.93,70.74,66,1,4.63,MW,1600988145
Dhidhdhoo,6.88,73.1,81.37,80,100,13.22,MV,1600987820
Margate,51.38,1.39,51.01,80,67,17.18,GB,1600988145
Hvide Sande,56.0,8.13,51.01,78,93,12.73,DK,1600988145
Geraldton,-28.77,114.6,59.0,100,90,6.93,AU,1600987833
Yafran,32.06,12.53,82.13,23,0,8.68,LY,1600988146
Malakal,9.53,31.66,72.36,95,63,3.83,SS,1600988146
Le Mars,42.79,-96.17,84.99,42,1,8.05,US,1600988128
Bom Jesus,-9.07,-44.36,84.15,31,42,5.39,BR,1600988046
Mahon,39.89,4.27,77.0,69,74,14.99,ES,1600988105
Gornopravdinsk,60.05,69.9,35.46,89,0,6.73,RU,1600988147
The Pas,53.83,-101.25,57.2,71,75,24.16,CA,1600988147
Casa Grande,32.88,-111.76,102.99,14,1,8.05,US,1600988148
Muyezerskiy,63.93,31.65,54.25,93,72,8.32,RU,1600988148
Kaeo,-35.1,173.78,66.7,55,90,5.21,NZ,1600987858
Griffith,41.53,-87.42,78.01,44,1,6.93,US,1600987917
Kismayo,-0.36,42.55,77.13,76,30,14.14,SO,1600987858
Ostrovnoy,68.05,39.51,50.31,89,100,11.05,RU,1600987906
Khatanga,71.97,102.5,41.79,83,62,7.61,RU,1600987973
Talnakh,69.49,88.4,41.0,93,90,6.71,RU,1600987863
Mandalī,33.75,45.55,81.82,22,0,7.27,IQ,1600988149
Upernavik,72.79,-56.15,22.32,81,0,11.14,GL,1600987976
Gambiran,-6.8,111.5,75.76,81,71,5.23,ID,1600988150
Birin,26.89,88.07,63.0,100,100,1.72,NP,1600988150
Brae,60.4,-1.35,44.6,75,100,9.17,GB,1600988150
Gobabis,-22.45,18.97,72.36,21,63,13.02,NA,1600988150
Castanheira do Ribatejo,38.99,-8.97,63.0,77,69,3.36,PT,1600988151
Mogadishu,2.04,45.34,76.39,78,17,14.81,SO,1600987922
Broken Hill,-31.95,141.43,44.6,87,75,14.99,AU,1600987865
San Luis,-33.3,-66.34,74.07,45,58,5.64,AR,1600988151
Pacific Grove,36.62,-121.92,75.99,60,1,13.87,US,1600987835
Hulan,45.98,126.6,62.01,70,96,3.62,CN,1600988152
Saint-Augustin,51.23,-58.65,48.63,59,46,9.98,CA,1600987786
Tarauacá,-8.16,-70.77,81.43,64,77,1.77,BR,1600987913
Turukhansk,65.82,87.98,35.73,96,44,2.93,RU,1600988152
Pilar,-9.6,-35.96,75.2,83,75,6.93,BR,1600988153
Shakawe,-18.37,21.85,70.3,24,0,2.51,BW,1600988153
Yar-Sale,66.83,70.83,37.31,89,3,9.01,RU,1600988153
Asău,46.43,26.4,57.0,93,30,4.43,RO,1600987841
Longyearbyen,78.22,15.64,32.0,92,75,9.17,SJ,1600987928
Esperance,-33.87,121.9,46.4,93,90,6.93,AU,1600987849
Coyhaique,-45.58,-72.07,53.6,79,20,5.82,CL,1600987964
Los Llanos de Aridane,28.66,-17.92,77.0,65,98,3.36,ES,1600987836
Mossamedes,-15.2,12.15,62.49,88,25,5.82,AO,1600987776
Chapais,49.78,-74.85,46.4,52,1,9.17,CA,1600987942
Shimoda,34.67,138.95,66.0,85,45,5.99,JP,1600987989
Richards Bay,-28.78,32.04,72.95,59,0,16.55,ZA,1600987903
Semme,46.2,1.5,48.99,93,98,8.05,FR,1600988155
Port-de-Bouc,43.4,4.98,69.8,60,76,9.17,FR,1600988155
Pangnirtung,66.15,-65.71,39.2,44,90,10.29,CA,1600988155
Bosaso,11.28,49.18,89.46,51,0,10.96,SO,1600988155
Hobyo,5.35,48.53,75.58,82,15,21.85,SO,1600988156
Oussouye,12.48,-16.55,77.0,94,75,6.93,SN,1600987849
Sisimiut,66.94,-53.67,33.62,76,100,11.92,GL,1600988156
São Filipe,14.9,-24.5,80.47,79,57,7.11,CV,1600987978
Goderich,43.75,-81.72,78.01,85,61,5.88,CA,1600987755
Nouakchott,18.09,-15.98,84.2,74,50,8.05,MR,1600987819
Novikovo,51.15,37.89,57.4,40,20,6.2,RU,1600988157
Mar del Plata,-38.0,-57.56,51.01,100,90,9.17,AR,1600987754
Saint George,37.1,-113.58,97.0,12,1,5.82,US,1600987861
Okhotsk,59.38,143.3,49.15,52,0,11.59,RU,1600987981
Assiut,27.18,31.18,77.0,57,0,11.41,EG,1600988158
Mananara,-16.17,49.77,63.63,87,66,4.25,MG,1600988158
Ruteng,-8.61,120.47,65.75,80,13,1.36,ID,1600988158
Sørland,67.67,12.69,43.63,89,100,27.98,NO,1600987835
Emilio Carranza,19.97,-96.61,81.86,63,15,3.98,MX,1600988159
Qaanaaq,77.48,-69.36,16.56,82,92,10.6,GL,1600987827
Olafsvik,64.89,-23.71,37.29,75,0,8.21,IS,1600987929
Balikpapan,-1.27,116.83,76.28,88,85,3.11,ID,1600987991
Saint Paul Harbor,57.79,-152.41,55.4,66,90,6.93,US,1600987777
Slonim,53.09,25.32,58.24,82,83,6.8,BY,1600988160
Punta Arenas,-53.15,-70.92,46.4,65,79,46.08,CL,1600987911
Olinda,-8.01,-34.86,78.8,69,40,9.17,BR,1600988161
Khandyga,62.67,135.6,44.26,65,0,1.54,RU,1600988161
Butterworth,5.4,100.36,78.8,88,20,2.48,MY,1600988161
Fizeşu Gherlii,47.02,23.98,59.0,100,10,2.24,RO,1600988161
Timizart,36.8,4.27,74.39,49,96,6.51,DZ,1600988162
Orán,-23.13,-64.33,80.01,45,0,0.36,AR,1600988162
Winnemucca,40.97,-117.74,82.4,8,1,14.99,US,1600988162
Dongsheng,39.82,109.98,53.15,62,58,4.61,CN,1600988163
Palmer,42.16,-72.33,68.0,85,100,3.09,US,1600988163
Orangeville,43.92,-80.1,69.01,54,78,3.58,CA,1600988163
Oranjestad,12.52,-70.03,87.8,74,20,19.46,AW,1600988145
Kimbe,-5.55,150.14,84.2,71,82,1.54,PG,1600988164
Cairns,-16.92,145.77,82.0,65,20,11.41,AU,1600988082
Garoowe,8.41,48.48,77.47,59,1,21.5,SO,1600988164
Mount Isa,-20.73,139.5,71.6,19,0,9.17,AU,1600987926
Kavieng,-2.57,150.8,85.15,66,25,8.97,PG,1600987811
Laas,46.62,10.7,54.0,100,75,9.17,IT,1600987841
Moyale,3.52,39.06,70.45,66,33,11.39,KE,1600988165
Tuatapere,-46.13,167.68,46.99,95,91,8.99,NZ,1600987808
Visnes,59.36,5.22,50.0,81,100,11.41,NO,1600988165
College,64.86,-147.8,41.0,80,90,3.36,US,1600988165
Lodja,-3.48,23.43,70.81,97,100,3.22,CD,1600987831
Mtwara,-10.27,40.18,72.0,89,1,7.74,TZ,1600988166
Nikolskoye,59.7,30.79,57.0,76,89,4.47,RU,1600987924
Carnduff,49.17,-101.8,80.01,42,95,5.99,CA,1600988166
Labuhan,-6.88,112.21,78.64,80,32,10.47,ID,1600987982
Ndioum,16.51,-14.65,77.0,88,82,9.91,SN,1600988167
Aquiraz,-3.9,-38.39,80.6,74,0,12.75,BR,1600987650
Tuktoyaktuk,69.45,-133.04,37.4,93,90,24.16,CA,1600987859
Kamenka,51.32,42.77,54.61,72,86,8.9,RU,1600988167
Maniitsoq,65.42,-52.9,42.49,62,100,2.89,GL,1600987938
Nahrin,36.06,69.13,46.33,56,0,1.41,AF,1600988168
Lahat,-3.8,103.53,71.64,87,93,2.39,ID,1600988168
Ushuaia,-54.8,-68.3,48.2,49,75,20.8,AR,1600987779
Leningradskiy,69.38,178.42,31.01,98,100,12.28,RU,1600987798
Galle,6.04,80.22,79.79,84,100,9.62,LK,1600987908
Bathsheba,13.22,-59.52,84.2,74,40,9.17,BB,1600987991
Bethel,41.37,-73.41,71.6,60,1,4.7,US,1600987833
Orcopampa,-15.27,-72.34,52.86,41,65,7.56,PE,1600988169
Znamenskoye,57.13,73.83,43.57,85,84,11.5,RU,1600988169
Linares,-35.85,-71.6,59.38,65,0,2.06,CL,1600988170
Bahir Dar,11.59,37.39,59.56,86,89,2.62,ET,1600988170
Port Moresby,-9.44,147.18,80.17,78,55,7.14,PG,1600988170
Avarua,-21.21,-159.78,78.8,83,89,12.75,CK,1600987813
Zhuhai,22.28,113.57,78.8,83,20,11.41,CN,1600988171
Marrakesh,31.63,-8.01,82.4,34,35,5.82,MA,1600988171
Dhankutā,26.98,87.33,66.63,94,100,5.64,NP,1600988171
Xi'an,34.26,108.93,66.99,93,50,6.71,CN,1600988171
Port Lincoln,-34.73,135.87,51.22,62,11,23.04,AU,1600987896
Codrington,-38.27,141.97,44.11,86,100,6.76,AU,1600987897
Hay River,60.82,-115.8,55.4,82,20,8.05,CA,1600988172
Great Yarmouth,52.61,1.73,48.99,99,98,1.01,GB,1600988172
Norman Wells,65.28,-126.83,42.8,93,90,9.17,CA,1600987801
Byron Bay,-28.65,153.62,71.6,68,20,10.29,AU,1600987820
Eucaliptus,-17.58,-67.52,54.61,40,0,14.43,BO,1600988173
Arman',59.7,150.17,47.5,54,28,7.92,RU,1600987861
Srīvardhan,18.03,73.02,78.51,89,97,4.27,IN,1600988173
Sitka,57.05,-135.33,53.6,93,90,3.36,US,1600987838
Sosnovo-Ozerskoye,52.52,111.54,38.48,87,32,7.96,RU,1600988174
Ghauspur,28.14,69.08,86.45,25,10,9.51,PK,1600988174
Tambura,5.6,27.47,67.32,95,95,3.58,SS,1600988174
Wuwei,37.93,102.64,56.97,61,49,2.01,CN,1600988175
Huarmey,-10.07,-78.15,63.73,76,100,10.04,PE,1600988175
Tiébissou,7.16,-5.23,68.0,100,40,2.24,CI,1600988175
Hobart,-42.88,147.33,46.99,87,75,3.36,AU,1600987901
Aksarka,66.56,67.8,35.49,86,48,10.94,RU,1600988175
Philadelphia,39.95,-75.16,73.4,64,90,8.05,US,1600987946
Padang,-0.95,100.35,76.78,82,89,4.12,ID,1600987984
Udachny,66.42,112.4,33.8,80,0,6.71,RU,1600987843
Grindavik,63.84,-22.43,35.6,64,0,17.22,IS,1600987940
Kitimat,54.05,-128.65,53.01,94,100,3.69,CA,1600988176
Grand Gaube,-20.01,57.66,64.99,76,47,3.0,MU,1600987806
Nemuro,43.32,145.57,57.11,74,99,19.06,JP,1600988177
Zhalantun,48.0,122.72,47.75,74,0,3.96,CN,1600988177
Bereda,43.27,-7.54,52.0,99,71,5.99,ES,1600988177
Minna,9.61,6.56,73.4,94,20,11.41,NG,1600988178
Coahuayana Viejo,18.73,-103.68,78.8,83,75,19.46,MX,1600987955
Acaraú,-2.89,-40.12,78.22,76,1,17.69,BR,1600988178
Hong Kong,22.29,114.16,81.0,81,87,6.6,HK,1600987733
Ifo,6.81,3.2,77.0,88,20,3.36,NG,1600988179
Havelock,34.88,-76.9,72.0,82,74,4.94,US,1600988179
La Ronge,55.1,-105.28,59.0,67,75,11.41,CA,1600987945
Salalah,17.02,54.09,78.8,94,75,2.24,OM,1600987916
Barrow,71.29,-156.79,30.2,68,90,19.46,US,1600987829
Cabo San Lucas,22.89,-109.91,93.2,62,5,10.29,MX,1600987959
New Norfolk,-42.78,147.06,46.99,89,81,1.01,AU,1600987866
Butaritari,3.07,172.79,81.95,74,95,16.8,KI,1600987914
Chimbote,-9.09,-78.58,62.38,82,90,8.59,PE,1600988180
Nederland,29.97,-93.99,75.2,78,90,4.7,US,1600988180
Plettenberg Bay,-34.05,23.37,58.48,85,0,6.85,ZA,1600987946
Katsuura,35.13,140.3,66.99,100,75,19.46,JP,1600987790
Erzin,36.96,36.2,80.01,81,30,1.01,TR,1600988181
Arica,-18.48,-70.3,61.0,77,27,8.05,CL,1600988181
Avilés,43.55,-5.92,55.99,71,75,20.8,ES,1600988182
Santa Cruz del Sur,20.71,-78.0,84.27,74,54,5.66,CU,1600988182
Kaitangata,-46.28,169.85,53.01,71,56,8.99,NZ,1600988182
Oriximiná,-1.77,-55.87,83.44,61,54,2.1,BR,1600987988
Yangi Marg`ilon,40.43,71.72,57.2,54,0,9.17,UZ,1600988183
Chetwayi,10.53,76.05,78.8,94,75,4.7,IN,1600988183
Vaini,-21.2,-175.2,77.0,73,20,6.93,TO,1600987912
Maceió,-9.67,-35.74,75.2,83,75,6.93,BR,1600988183
Nautla,20.22,-96.78,83.59,60,21,5.46,MX,1600988183
Samarai,-10.62,150.67,78.3,85,73,14.74,PG,1600988184
Grakhovo,56.05,51.97,41.0,80,0,4.47,RU,1600988184
Saint Augustine,29.89,-81.31,82.4,74,1,17.22,US,1600988058
Catuday,16.29,119.81,80.15,80,97,4.85,PH,1600988185
Cidreira,-30.18,-50.21,63.97,79,98,6.69,BR,1600987788
Preobrazheniye,42.9,133.91,60.64,82,88,14.25,RU,1600988185
Ahipara,-35.17,173.17,66.0,57,80,4.97,NZ,1600987789
Iracoubo,5.48,-53.2,79.83,84,44,8.08,GF,1600988186
Clyde River,70.47,-68.59,31.78,92,100,6.51,CA,1600987811
Teacapan,22.55,-105.75,87.03,71,0,9.17,MX,1600988186
Arrifes,37.77,-25.7,66.2,68,75,10.29,PT,1600988187
Landau,49.21,8.11,61.0,93,100,3.0,DE,1600988187
Batemans Bay,-35.72,150.18,55.99,73,52,7.0,AU,1600987796
Matagami,49.75,-77.63,48.2,61,1,6.93,CA,1600988187
Port Hardy,50.7,-127.42,57.2,93,90,11.41,CA,1600987776
Zaysan,47.47,84.87,42.37,70,27,6.15,KZ,1600987948
Stafford,52.81,-2.12,46.0,74,99,3.0,GB,1600987901
Altay,47.87,88.12,35.44,81,22,3.02,CN,1600988188
San Ignacio,17.16,-89.07,95.0,53,20,4.7,BZ,1600988188
Menomonie,44.88,-91.92,71.01,68,40,4.7,US,1600988189
Kainantu,-6.29,145.87,66.45,86,99,2.15,PG,1600988189
Qeshm,26.96,56.27,84.2,54,0,4.7,IR,1600987812
Kedrovyy,56.17,91.82,44.6,87,100,8.95,RU,1600988189
Zabaykal'sk,49.63,117.32,43.45,63,43,5.17,RU,1600987832
Blythe,33.61,-114.6,105.01,10,1,8.05,US,1600988190
Lorengau,-2.02,147.27,84.7,59,35,7.4,PG,1600987872
George Town,5.41,100.34,78.8,88,20,2.51,MY,1600987900
Bluff,-46.6,168.33,46.99,95,96,10.0,NZ,1600987791
Beloha,-25.17,45.05,62.31,80,0,12.15,MG,1600987960
Alès,44.13,4.08,63.0,6,48,1.99,FR,1600988191
Amarante do Maranhão,-5.57,-46.74,81.37,58,72,4.38,BR,1600988046
Naberera,-4.2,36.93,58.8,92,21,7.83,TZ,1600988191
Anchorage,61.22,-149.9,53.01,76,75,4.7,US,1600988079
Galeana,24.83,-100.07,75.0,34,7,5.99,MX,1600988191
Itarema,-2.92,-39.92,78.33,76,1,16.8,BR,1600988192
Arivonimamo,-19.02,47.18,59.0,77,75,8.05,MG,1600988192
Buchanan,5.88,-10.05,77.0,94,75,4.5,LR,1600987837
Lao Cai,22.48,103.95,71.94,85,99,0.34,VN,1600988192
Luorong,24.41,109.61,67.05,88,97,3.09,CN,1600988193
Panabá,21.28,-88.27,81.32,85,70,9.17,MX,1600988193
Sfântu Gheorghe,45.87,25.78,57.0,84,2,0.65,RO,1600988193
Toba,34.48,136.85,75.99,78,75,5.82,JP,1600988193
Iquique,-20.22,-70.14,62.6,72,40,13.87,CL,1600988194
Ivybridge,50.39,-3.92,48.99,91,36,4.0,GB,1600988194
Santa Cruz de Barahona,18.21,-71.1,86.0,79,75,9.17,DO,1600988194
Olonets,60.98,32.97,53.17,86,45,7.38,RU,1600988194
Touros,-5.2,-35.46,77.0,83,40,8.05,BR,1600987781
Hirara,24.8,125.28,80.6,78,75,6.93,JP,1600988195
Klaksvík,62.23,-6.59,42.8,81,77,11.41,FO,1600987984
Aykhal,66.0,111.5,33.8,80,0,8.95,RU,1600988195
Show Low,34.25,-110.03,84.99,10,1,8.05,US,1600987991
Port Augusta,-32.5,137.77,46.4,75,45,12.75,AU,1600988196
Charters Towers,-20.1,146.27,74.46,65,0,6.26,AU,1600988196
Nuuk,64.18,-51.72,37.4,64,75,11.41,GL,1600987804
Guerrero Negro,27.98,-114.06,84.18,38,0,16.73,MX,1600987962
Boston,42.36,-71.06,73.99,49,100,9.17,US,1600988197
Baiyin,36.56,104.21,60.01,100,98,2.24,CN,1600987785
Wanaka,-44.7,169.15,51.64,67,84,6.85,NZ,1600987930
Chui,-33.7,-53.46,53.24,89,98,5.21,UY,1600987967
Massa Marittima,43.05,10.89,73.99,85,81,11.01,IT,1600988198
Takoradze,4.88,-1.76,74.97,93,51,9.95,GH,1600988198
Bugasong,11.04,122.07,80.22,78,99,3.18,PH,1600988198
Ust'-Karsk,52.7,118.81,40.21,88,21,1.59,RU,1600988199
Kudahuvadhoo,2.67,72.89,82.27,74,97,7.65,MV,1600988199
Mabaruma,8.2,-59.78,78.76,88,100,5.26,GY,1600988199
Ponta Delgada,37.73,-25.67,66.2,68,75,10.29,PT,1600988199
Chhātak,25.03,91.67,76.1,96,100,4.25,BD,1600988200
Sakakah,29.97,40.21,82.4,24,0,2.24,SA,1600987916
Jacqueville,5.21,-4.41,77.0,100,40,9.17,CI,1600988200
Ancud,-41.87,-73.82,54.0,73,2,1.01,CL,1600987922
Urucará,-2.54,-57.76,84.02,57,30,1.59,BR,1600988201
Aranos,-24.13,19.12,68.7,24,67,7.63,NA,1600988201
Tarakan,3.3,117.63,79.27,83,100,8.05,ID,1600988201
Litovko,49.24,135.17,50.67,84,100,4.52,RU,1600988201
Bilma,18.69,12.92,88.9,17,0,4.21,NE,1600988202
Hearst,49.68,-83.67,47.25,70,21,1.63,CA,1600988202
Santa Cruz de la Sierra,-17.8,-63.17,87.8,52,0,11.41,BO,1600988097
Comodoro Rivadavia,-45.87,-67.5,71.6,41,0,16.11,AR,1600987915
Basoko,1.24,23.62,70.43,92,74,3.02,CD,1600988203
East London,-33.02,27.91,72.09,45,56,3.15,ZA,1600987845
Bamora,24.06,78.09,76.03,86,99,4.9,IN,1600988203
Maţāy,28.42,30.78,73.18,71,0,12.86,EG,1600987927
Hermanus,-34.42,19.23,52.0,90,41,17.34,ZA,1600987929
Berlevåg,70.86,29.09,41.0,80,70,6.93,NO,1600988204
Sanmenxia,34.77,111.18,65.32,71,100,6.98,CN,1600988204
Port Elizabeth,-33.92,25.57,60.8,93,0,12.75,ZA,1600987947
Mackay,-21.15,149.2,77.0,88,0,3.36,AU,1600987789
Mindelo,16.89,-24.98,82.4,74,40,5.82,CV,1600988205
Kumul,42.8,93.45,63.43,28,16,5.82,CN,1600988205
Borba,-4.39,-59.59,85.69,57,76,1.83,BR,1600988092
Kahone,14.15,-16.03,77.0,94,20,5.21,SN,1600988206
Forest Acres,34.02,-80.99,75.2,64,75,3.67,US,1600988206
El Triunfo,-1.93,-79.97,82.4,61,75,6.93,EC,1600988206
Faya,18.39,42.45,66.2,68,37,4.56,SA,1600988207
Hualmay,-11.1,-77.61,62.6,77,97,11.01,PE,1600987969
Moree,-29.47,149.85,59.0,44,0,13.87,AU,1600988207
Kangaatsiaq,68.31,-53.46,33.24,83,56,30.02,GL,1600988207
Hilo,19.73,-155.09,84.2,62,20,11.41,US,1600987826
Sur,22.57,59.53,81.46,55,0,4.12,OM,1600987855
‘Ewa Beach,21.32,-158.01,89.6,46,40,11.41,US,1600988208
Goma,-1.68,29.22,67.39,69,83,1.7,CD,1600988208
Sechura,-5.56,-80.82,67.78,70,27,17.54,PE,1600988209
Kirakira,-10.45,161.92,83.93,72,79,9.62,SB,1600987838
Itaituba,-4.28,-55.98,93.2,52,40,5.53,BR,1600988209
Sola,-13.88,167.55,86.0,74,75,5.82,VU,1600988209
Lüderitz,-26.65,15.16,57.76,83,4,3.58,NA,1600987819
Saldanha,-33.01,17.94,59.0,67,27,9.17,ZA,1600987864
Luwingu,-10.26,29.93,60.03,48,1,5.23,ZM,1600988210
Tasiilaq,65.61,-37.64,33.8,47,49,6.93,GL,1600987952
Toamasina,-18.17,49.38,64.4,93,20,1.12,MG,1600988210
Nome,64.5,-165.41,42.8,52,1,6.93,US,1600987831
Saint Andrews,34.05,-81.13,75.2,64,75,4.7,US,1600988092
Lata,40.16,-8.33,64.99,77,20,8.05,PT,1600987850
Walvis Bay,-22.96,14.51,57.0,87,19,6.93,NA,1600988211
Dunedin,-45.87,170.5,55.99,64,51,11.99,NZ,1600987689
Mayor Pablo Lagerenza,-19.93,-60.77,89.83,32,18,3.96,PY,1600988212
Darnah,32.77,22.64,78.58,66,0,13.29,LY,1600988129
Ndélé,8.41,20.65,70.65,87,93,2.44,CF,1600988212
Saint-Philippe,-21.36,55.77,66.2,59,2,5.82,RE,1600987781
Russell,32.35,-85.2,73.4,94,90,13.87,US,1600988213
Djenné,13.91,-4.55,85.32,55,79,4.68,ML,1600988213
Albion,42.24,-84.75,73.4,53,1,5.82,US,1600988213
West Bay,19.37,-81.42,87.8,70,20,4.7,KY,1600988213
Bennington,42.88,-73.2,69.8,60,1,3.06,US,1600988214
Pareora,-44.49,171.21,63.0,45,5,5.99,NZ,1600988214
Gravelbourg,49.88,-106.55,68.95,25,97,22.48,CA,1600987936
Beringovskiy,63.05,179.32,39.69,84,75,16.02,RU,1600987852
Mamaku,-38.1,176.08,66.99,85,81,8.99,NZ,1600988215
Pedersore,63.65,22.68,59.0,100,75,13.87,FI,1600988215
Vendôme,47.8,1.07,50.0,81,76,13.87,FR,1600988215
Ishim,56.11,69.49,38.89,92,2,12.39,RU,1600988216
Roura,4.73,-52.33,80.6,83,12,3.36,GF,1600988216
Maxixe,-23.86,35.35,65.71,76,0,9.04,MZ,1600988105
Bredasdorp,-34.53,20.04,51.8,87,67,6.93,ZA,1600987797
Rikitea,-23.12,-134.97,72.93,81,63,11.41,PF,1600987936
Gimli,50.63,-96.99,69.01,95,91,7.0,CA,1600988217
Pembroke,45.82,-77.12,59.0,62,40,3.36,CA,1600988217
Celestún,20.87,-90.4,85.14,71,13,12.26,MX,1600988217
North Bend,43.41,-124.22,69.8,73,40,12.75,US,1600987830
Chumikan,54.72,135.31,51.08,85,100,20.15,RU,1600988218
Naliya,23.27,68.83,80.78,82,41,11.61,IN,1600988218
Pisco,-13.7,-76.22,66.2,72,13,19.46,PE,1600987925
Durban,-29.86,31.03,66.99,87,28,1.12,ZA,1600988218
Vila Franca do Campo,37.72,-25.43,66.2,68,75,10.29,PT,1600987847
Kununurra,-15.77,128.73,77.0,94,65,3.36,AU,1600987856
Havre-St-Pierre,50.23,-63.6,48.2,81,90,6.93,CA,1600987953
Agogo,6.8,-1.08,70.34,100,99,3.53,GH,1600988219
Chambersburg,39.94,-77.66,70.0,66,55,5.19,US,1600988219
Gori,41.98,44.12,61.23,72,44,5.82,GE,1600988220
Senanga,-16.12,23.27,68.05,30,0,5.37,ZM,1600988220
Telimele,10.92,-13.33,70.63,100,100,2.15,GN,1600988220
Ambon City,-3.7,128.18,77.0,94,40,4.7,ID,1600987784
Saint Anthony,45.02,-93.22,75.99,56,20,5.82,US,1600988221
Krasnozerskoye,53.98,79.24,42.67,92,100,5.14,RU,1600988221
Port-Gentil,-0.72,8.78,77.0,88,40,11.21,GA,1600987903
Hambantota,6.12,81.12,80.58,79,100,14.07,LK,1600988221
Camocim,-2.9,-40.84,76.98,78,0,11.63,BR,1600987925
Cap Malheureux,-19.98,57.61,64.99,76,51,3.0,MU,1600988222
Fortuna,40.6,-124.16,71.01,72,20,13.87,US,1600987951
Petropavlovsk-Kamchatskiy,53.05,158.65,44.6,65,3,6.71,RU,1600987830
San Miguel de Tucumán,-26.82,-65.22,93.2,30,77,19.46,AR,1600987934
Antri,26.06,78.21,75.4,84,12,5.48,IN,1600988223
Gigmoto,13.78,124.39,81.27,80,99,5.57,PH,1600988223
Vernon,50.26,-119.27,64.0,47,99,5.01,CA,1600988003
Ilulissat,69.22,-51.1,28.4,42,2,4.7,GL,1600988190
Ontario,34.06,-117.65,95.0,16,1,11.41,US,1600988224
Puerto del Rosario,28.5,-13.86,77.0,88,11,10.29,ES,1600988194
Hammerfest,70.66,23.68,41.0,70,89,5.82,NO,1600988224
Carnarvon,-24.87,113.63,59.0,100,13,1.12,AU,1600987866
Nyurba,63.28,118.33,38.39,79,1,7.36,RU,1600988225
Westerland,54.91,8.3,55.4,82,84,9.17,DE,1600988225
Tiksi,71.69,128.87,41.92,74,1,7.83,RU,1600987931
Harper,4.38,-7.72,75.87,90,84,8.57,LR,1600987901
Pierre,44.37,-100.35,82.4,32,1,14.99,US,1600988102
Vila Velha,-20.33,-40.29,75.99,83,75,5.82,BR,1600987935
Christchurch,-43.53,172.63,69.01,39,3,11.41,NZ,1600987998
Tessalit,20.2,1.01,90.03,13,0,8.68,ML,1600987916
Ugoofaaru,5.67,73.0,81.14,80,100,12.26,MV,1600987978
Suleja,9.18,7.18,75.2,83,40,2.17,NG,1600988226
Denpasar,-8.65,115.22,78.8,100,40,1.12,ID,1600988227
Iqaluit,63.75,-68.51,33.8,86,90,8.05,CA,1600987902
Sarangani,5.4,125.46,83.89,72,93,7.81,PH,1600988227
Fayetteville,35.05,-78.88,73.99,60,1,4.7,US,1600987997
Tura,25.52,90.22,73.78,98,99,5.53,IN,1600987967
Gaspar,-26.93,-48.96,68.0,88,51,6.93,BR,1600988228
Alta Floresta,-9.88,-56.09,74.46,84,78,3.91,BR,1600987759
Bundaberg,-24.85,152.35,77.0,78,90,6.93,AU,1600988228
Marzuq,14.4,46.47,79.16,42,0,1.45,YE,1600988228
Yershov,51.35,48.28,53.89,54,99,8.12,RU,1600988229
Saskylakh,71.92,114.08,41.23,73,0,10.89,RU,1600987985
Semnan,35.57,53.4,62.64,34,0,1.36,IR,1600988229
Kumphawapi,17.11,103.01,77.0,91,89,1.88,TH,1600988230
Vardø,70.37,31.11,39.2,80,45,6.93,NO,1600987951
Wittlich,49.98,6.88,57.0,87,75,11.41,DE,1600988230
Maningrida,-12.07,134.27,81.03,69,3,4.68,AU,1600988230
Catia La Mar,10.6,-67.03,82.78,70,100,6.24,VE,1600988231
Nānākuli,21.39,-158.15,89.6,46,40,11.41,US,1600987784
Ledyard Center,41.44,-72.01,71.01,88,1,4.7,US,1600988113
Hasaki,35.73,140.83,69.8,94,75,21.92,JP,1600987977
Camacha,33.08,-16.33,71.6,83,20,3.36,PT,1600988232
Wencheng,33.06,113.8,67.73,73,79,2.08,CN,1600988232
Hailar,49.2,119.7,42.1,75,0,5.95,CN,1600987819
Banyo,6.75,11.82,65.34,90,98,2.08,CM,1600988232
Curaçá,-8.99,-39.91,79.47,48,0,19.51,BR,1600988233
Blackwater,-23.58,148.88,75.24,63,12,9.64,AU,1600987938
Grafton,42.21,-71.69,69.01,68,1,10.29,US,1600988123
Mahébourg,-20.41,57.7,62.6,88,40,4.7,MU,1600987799
Mount Gambier,-37.83,140.77,41.0,100,75,4.7,AU,1600987920
Kapaa,22.08,-159.32,84.99,70,75,16.11,US,1600987824
Amazar,53.86,120.88,42.13,86,82,2.64,RU,1600988177
San Policarpo,12.18,125.51,80.11,83,70,4.5,PH,1600988234
Atasū,48.68,71.64,38.98,87,18,7.87,KZ,1600988234
Purranque,-40.92,-73.17,59.0,67,0,9.17,CL,1600988234
Albany,42.6,-73.97,70.0,61,100,2.77,US,1600987720
Anzhero-Sudzhensk,56.08,86.03,37.4,100,99,2.24,RU,1600988235
Binzhou,37.37,118.02,64.26,81,70,4.59,CN,1600988235
Qian’an,44.99,124.06,57.69,85,0,3.29,CN,1600988235
Talcahuano,-36.72,-73.12,57.2,76,0,9.17,CL,1600988236
Pochutla,15.74,-96.47,82.4,78,90,2.71,MX,1600988236
Duluth,46.78,-92.11,51.8,93,90,16.11,US,1600988157
Neuquén,-38.95,-68.06,80.6,14,0,4.7,AR,1600987554
Kralendijk,12.15,-68.27,86.0,79,75,18.34,BQ,1600988236
Vestmannaeyjar,63.44,-20.27,38.03,76,0,12.75,IS,1600988237
Ocós,14.51,-92.19,87.8,74,75,11.41,GT,1600988237
Ribeira Grande,38.52,-28.7,67.23,73,27,13.82,PT,1600987801
Cootamundra,-34.65,148.03,45.0,91,96,3.0,AU,1600988237
Westport,41.14,-73.36,71.01,72,100,8.99,US,1600988238
Erdaojiang,41.78,126.03,56.91,83,99,1.48,CN,1600988238
Nongpoh,25.9,91.88,71.96,97,99,2.53,IN,1600988238
Ibrā’,22.69,58.53,77.02,47,0,2.39,OM,1600988238
Oranjemund,-28.55,16.43,58.17,85,0,6.76,NA,1600987825
Ketchikan,55.34,-131.65,55.4,93,90,13.87,US,1600987990
Ubari,26.59,12.78,78.85,28,0,4.88,LY,1600988239
Benguela,-12.58,13.41,70.29,78,57,4.18,AO,1600988239
Adrar,20.5,-10.07,91.81,30,60,13.29,MR,1600987864
Werda,-25.27,23.28,73.22,30,37,10.29,BW,1600988240
Cho Dok,10.7,105.12,79.23,84,99,5.01,VN,1600988240
Moba,33.23,105.02,49.98,100,100,0.51,CN,1600987835
Alice,27.75,-98.07,89.6,48,20,8.05,US,1600988241
Khorixas,-20.37,14.97,58.3,46,0,2.19,NA,1600988241
Salamanca,40.83,-6.0,53.01,81,26,9.17,ES,1600988120
Nazarovo,56.01,90.39,44.47,91,100,9.04,RU,1600988242
Havøysund,71.0,24.66,41.0,66,71,5.82,NO,1600988242
Praia da Vitória,38.73,-27.07,66.2,77,40,13.15,PT,1600988242
Yellowknife,62.46,-114.35,50.0,100,90,10.29,CA,1600988242
Biltine,14.53,20.92,86.95,44,60,3.15,TD,1600988243
Sambava,-14.27,50.17,66.0,81,5,9.19,MG,1600988243
Cayenne,4.93,-52.33,80.6,83,7,3.36,GF,1600987918
Vanavara,60.34,102.28,42.06,88,0,8.66,RU,1600987828
Bandarbeyla,9.49,50.81,77.29,75,57,23.49,SO,1600988244
Souillac,-20.52,57.52,62.6,88,40,4.7,MU,1600987798
Portland,45.52,-122.68,71.6,53,75,13.87,US,1600988182
Campoverde,-8.48,-74.81,89.6,55,20,2.24,PE,1600988245
Lebu,-37.62,-73.65,49.35,84,0,10.18,CL,1600987898
Nicoya,10.15,-85.45,80.6,88,75,5.82,CR,1600988245
Manta,-0.95,-80.73,77.0,83,40,13.87,EC,1600988106
Carbonia,39.17,8.52,77.0,88,5,10.29,IT,1600988245
Pedernales,18.04,-71.74,86.0,79,75,9.17,DO,1600988246
Sterling,39.01,-77.43,71.01,73,90,3.36,US,1600988022
Nhulunbuy,-12.23,136.77,80.6,78,40,4.7,AU,1600988246
Saint-François,46.42,3.91,53.6,87,75,5.82,FR,1600988246
Necochea,-38.55,-58.74,53.01,83,14,7.0,AR,1600987797
Tūkrah,32.53,20.58,76.62,74,0,0.27,LY,1600988247
Krasnosel'kup,65.7,82.47,33.39,93,7,10.85,RU,1600988247
Agua Verde,22.9,-106.05,91.4,70,20,5.82,MX,1600988247
Berbera,10.44,45.01,90.59,49,0,3.31,SO,1600987954
Saraland,30.82,-88.07,79.0,84,36,6.08,US,1600988248
Nador,35.17,-2.93,82.4,32,4,1.12,MA,1600988231
Pleszew,51.9,17.79,61.0,86,100,4.09,PL,1600987869
São José da Coroa Grande,-8.9,-35.15,74.03,85,2,9.17,BR,1600987991
Narsaq,60.92,-46.05,42.8,41,100,50.55,GL,1600988249
Thinadhoo,0.53,72.93,82.33,70,81,6.89,MV,1600987938
Druzhba,52.04,33.95,56.62,51,100,8.93,UA,1600988249
Kadyy,57.79,43.19,52.61,95,93,4.74,RU,1600988249
Tobol'sk,58.2,68.27,36.95,96,0,7.87,RU,1600988250
Marawi,8.0,124.29,75.0,87,100,5.01,PH,1600987907
Korla,41.76,86.15,60.08,33,0,1.95,CN,1600987921
Zeya,53.75,127.27,46.76,93,99,5.32,RU,1600988250
Roald,62.58,6.13,46.0,93,100,14.99,NO,1600987912
Ardahan,41.11,42.7,51.21,78,80,1.03,TR,1600988251
Piet Retief,-27.01,30.81,57.88,56,0,5.57,ZA,1600988251
Naze,28.37,129.48,78.8,83,40,6.93,JP,1600987933
Mīzan Teferī,6.98,35.58,61.45,91,68,2.59,ET,1600988251
Nur-Sultan,51.18,71.45,37.4,93,75,8.95,KZ,1600988084
Almaznyy,48.04,40.05,62.6,48,1,8.95,RU,1600988252
Benghazi,32.12,20.07,78.91,72,0,6.87,LY,1600988252
Faanui,-16.48,-151.75,77.76,77,6,12.8,PF,1600987948
Ovalle,-30.6,-71.2,60.15,63,100,3.87,CL,1600988252
Macheng,31.18,115.03,65.89,80,62,3.33,CN,1600988253
Melivoia,39.75,22.8,66.2,88,20,5.82,GR,1600988253
Jumla,29.27,82.18,54.19,64,33,3.04,NP,1600987856
Dikson,73.51,80.55,41.41,85,75,24.74,RU,1600988253
Laguna,38.42,-121.42,91.0,33,1,6.93,US,1600987830
Poum,-20.23,164.02,73.87,70,22,7.27,NC,1600987907
Tomatlán,19.93,-105.25,86.31,73,51,6.06,MX,1600988254
High Level,58.52,-117.14,64.4,59,75,8.05,CA,1600988254
Chifeng,42.27,118.96,56.21,74,4,1.63,CN,1600987908
Fes,34.04,-5.0,80.6,28,27,9.17,MA,1600988046
Doka,13.52,35.77,72.36,91,93,6.22,SD,1600988255
Lawrenceville,33.96,-83.99,64.99,100,90,9.17,US,1600988255
Quelimane,-17.88,36.89,65.14,84,1,2.44,MZ,1600988255
Abhā,18.22,42.51,66.2,68,57,4.63,SA,1600988256
Shar,49.59,81.05,44.4,64,98,13.65,KZ,1600988256
Pevek,69.7,170.31,32.34,94,100,14.52,RU,1600988256
Sobolevo,54.43,31.9,50.9,77,16,7.31,RU,1600988257
Egvekinot,66.32,-179.17,31.19,90,50,18.66,RU,1600988257
Kashgar,39.45,75.98,64.4,20,0,11.18,CN,1600988257
Hithadhoo,-0.6,73.08,81.95,64,80,5.03,MV,1600987842
Constitución,-35.33,-72.42,52.57,83,0,4.74,CL,1600987982
Chul'man,56.85,124.91,43.12,87,100,5.77,RU,1600988258
Douentza,15.0,-2.95,90.7,34,60,3.98,ML,1600988258
Georgiyevka,43.04,74.71,42.8,75,0,2.24,KZ,1600988258
Cape Town,-33.93,18.42,59.0,76,75,13.87,ZA,1600987984
Salinas,36.68,-121.66,75.99,60,1,13.87,US,1600987962
Diplo,24.47,69.58,81.84,81,0,15.05,PK,1600988259
Colombo,6.93,79.85,78.8,94,75,3.36,LK,1600987824
Korem,12.51,39.52,54.79,57,35,1.48,ET,1600988259
Te Anau,-45.42,167.72,51.44,83,66,3.98,NZ,1600987833
Kieta,-6.22,155.63,84.79,64,74,3.6,PG,1600988260
Barkot,30.82,78.2,59.94,65,0,3.69,IN,1600988260
San Juan,-31.54,-68.54,76.86,18,80,10.45,AR,1600988260
Pingliang,35.54,106.69,56.21,87,100,2.98,CN,1600988260
Honiara,-9.43,159.95,84.2,74,20,4.7,SB,1600988261
Natal,-5.79,-35.21,77.0,78,20,13.87,BR,1600987789
Dickinson,29.46,-95.05,73.99,78,90,10.29,US,1600988175
Agüimes,27.91,-15.45,75.0,78,20,10.29,ES,1600988261
Genhe,50.78,121.52,40.41,88,58,1.7,CN,1600988262
Nanortalik,60.14,-45.24,39.16,72,100,37.09,GL,1600987981
Victoria Point,-27.58,153.3,75.99,67,8,1.99,AU,1600988262
Ixtapa,20.7,-105.2,88.0,74,20,10.29,MX,1600988262
Curup,-3.47,102.53,67.26,92,65,1.45,ID,1600988262
Tiznit Province,29.58,-9.5,79.32,35,63,2.33,MA,1600988263
Kānkon,15.02,74.02,77.0,100,75,9.17,IN,1600988263
Trairi,-3.28,-39.27,78.01,76,0,11.9,BR,1600987527
Isangel,-19.55,169.27,77.0,88,20,9.17,VU,1600987813
Cherskiy,68.75,161.3,33.76,86,100,3.8,RU,1600987821
Lagoa,39.05,-27.98,67.39,72,9,14.65,PT,1600987780
Safford,32.83,-109.71,100.4,9,1,1.07,US,1600988264
San Pablo City,14.07,121.33,78.8,94,75,1.12,PH,1600988264
Puerto Ayacucho,5.66,-67.62,82.4,74,20,2.24,VE,1600987899
Burnie,-41.07,145.92,46.99,90,100,1.01,AU,1600987863
Pital,2.27,-75.8,71.02,75,24,6.69,CO,1600988265
Busselton,-33.65,115.33,55.0,51,94,18.66,AU,1600987807
San Cristobal,7.77,-72.22,89.6,55,40,9.17,VE,1600987976
Okha,53.57,142.95,53.35,72,3,4.92,RU,1600988265
Cachoeira do Sul,-30.04,-52.89,67.68,81,100,4.16,BR,1600987813
Hwange,-18.37,26.5,66.87,42,0,1.74,ZW,1600988266
Conway,35.09,-92.44,69.8,73,40,4.7,US,1600988100
Yeppoon,-23.13,150.73,75.2,69,75,1.12,AU,1600987928
Gillette,44.29,-105.5,91.4,9,1,26.4,US,1600988100
Thompson,55.74,-97.86,51.8,71,90,4.7,CA,1600987991
Avera,33.19,-82.53,71.6,90,90,6.93,US,1600987780
Flin Flon,54.77,-101.86,55.4,71,75,13.87,CA,1600988267
Vao,-22.67,167.48,71.98,85,0,16.46,NC,1600988267
Houston,29.76,-95.36,75.2,78,90,10.29,US,1600988237
Meadow Lake,34.8,-106.54,87.8,12,20,8.05,US,1600988268
Arraial do Cabo,-22.97,-42.03,69.8,94,75,6.93,BR,1600987836
Coquimbo,-29.95,-71.34,55.4,87,75,10.29,CL,1600987979
Zyryanka,65.75,150.85,44.04,66,100,10.76,RU,1600988268
Jackson,42.42,-122.83,71.01,46,75,10.29,US,1600988047
Erenhot,43.65,111.98,59.68,34,55,8.99,CN,1600988269
Rørvik,64.86,11.24,53.71,73,4,20.69,NO,1600988269
Koson,39.04,65.58,55.4,43,0,4.7,UZ,1600988269
Inyonga,-6.72,32.07,74.01,41,79,10.11,TZ,1600988269
Piaçabuçu,-10.41,-36.43,74.21,79,0,9.33,BR,1600988270
Phan Thiet,10.93,108.1,74.98,87,100,8.68,VN,1600988051
Tolaga Bay,-38.37,178.3,66.24,46,92,6.35,NZ,1600988270
Hamilton,39.18,-84.53,75.99,50,1,4.7,US,1600987724
Ashquelon,31.67,34.57,75.2,69,0,5.82,IL,1600988271
Jamestown,42.1,-79.24,70.0,64,40,6.93,US,1600987896
Bambous Virieux,-20.34,57.76,64.99,88,40,4.7,MU,1600987960
Tual,-5.67,132.75,81.03,82,91,13.58,ID,1600987868
La Palma,33.85,-118.05,89.01,33,1,6.93,US,1600988070
Kamyzyak,46.11,48.07,60.8,63,16,6.71,RU,1600988293
Bara,10.37,10.73,74.73,90,30,11.14,NG,1600988293
Mandalgovi,45.76,106.27,53.06,43,38,8.84,MN,1600988294
Neiafu,-18.65,-173.98,78.8,74,40,9.17,TO,1600987795
Rentina,40.66,23.61,66.99,81,0,3.0,GR,1600988294
Praia,14.92,-23.51,78.8,83,20,8.05,CV,1600988294
Camopi,3.17,-52.32,80.96,63,36,5.5,GF,1600988295
Flinders,-34.58,150.86,63.0,59,3,4.0,AU,1600987826
Nantucket,41.28,-70.1,64.4,82,1,9.17,US,1600988295
Tommot,58.96,126.29,41.59,76,98,2.62,RU,1600988295
São Raimundo das Mangabeiras,-7.02,-45.48,89.17,30,69,2.01,BR,1600988296
Sioux Lookout,50.1,-91.92,59.0,62,75,4.7,CA,1600987985
Tukan,53.84,57.46,33.91,92,0,1.74,RU,1600988296
Payo,-3.75,103.64,71.91,91,95,1.7,ID,1600988296
Tiarei,-17.53,-149.33,86.0,62,20,17.22,PF,1600988297
Rafaela,-31.25,-61.49,70.92,70,100,8.72,AR,1600988297
Mildura,-34.2,142.15,48.0,87,82,9.17,AU,1600988297
Bengkulu,-3.8,102.27,75.36,91,43,3.6,ID,1600988297
Gemeente Wageningen,51.97,5.67,57.0,87,90,6.93,NL,1600988046
Atar,20.52,-13.05,86.14,46,80,9.51,MR,1600988298
Puerto Ayora,-0.74,-90.35,70.0,83,56,4.0,EC,1600987944
Owando,-0.48,15.9,71.15,92,94,2.15,CG,1600988298
Anito,12.45,125.29,80.74,82,90,6.17,PH,1600988299
Palauig,15.44,119.9,81.9,75,100,3.27,PH,1600988299
Esim,4.87,-2.24,75.0,93,64,8.14,GH,1600988299
Tarnów,50.01,20.99,60.01,83,60,4.45,PL,1600987955
Zhangaözen,43.3,52.8,68.58,21,90,9.35,KZ,1600987859
Ōdachō-ōda,35.18,132.5,68.0,100,75,5.82,JP,1600988300
Barcelos,41.54,-8.62,62.6,77,75,9.17,PT,1600988300
Alekseyevsk,57.84,108.35,40.39,86,0,1.5,RU,1600988300
Teya,60.38,92.63,40.06,92,100,2.53,RU,1600988301
Povarovo,56.07,37.05,50.0,87,69,2.24,RU,1600988301
Stornoway,58.21,-6.39,43.0,86,97,6.93,GB,1600987869
Lagunas,-5.23,-75.68,78.35,73,71,3.04,PE,1600988301
Pleshanovo,52.83,53.48,44.98,76,37,4.23,RU,1600988302
Bonfim,3.08,-59.95,83.53,62,98,3.11,BR,1600988302
Bratsk,56.13,101.61,41.0,93,100,6.71,RU,1600988302
San Patricio,19.22,-104.7,86.0,74,75,11.41,MX,1600987947
Constantine,36.37,6.61,73.4,46,92,2.24,DZ,1600987970
Husavik,66.04,-17.34,33.8,80,90,6.93,IS,1600987963
Richmond,37.55,-77.46,68.0,88,90,3.36,US,1600988125
Amga,60.9,131.96,45.21,60,0,10.38,RU,1600988303
São João da Barra,-21.64,-41.05,70.9,91,9,8.1,BR,1600987870
Eyl,7.98,49.82,77.04,71,1,19.55,SO,1600987820
Lompoc,34.64,-120.46,71.6,64,1,19.46,US,1600987987
Fort Nelson,58.81,-122.7,51.8,76,90,2.26,CA,1600987817
Castro,-24.79,-50.01,60.51,51,22,2.73,BR,1600987796
Rochegda,62.8,43.25,50.99,98,32,4.41,RU,1600988304
Hakkâri Province,37.58,44.17,49.66,62,12,0.4,TR,1600988251
Muhos,64.81,25.99,57.2,93,20,9.17,FI,1600987848
Fukuechō,32.69,128.84,73.11,80,60,21.43,JP,1600987831
Lydenburg,-25.1,30.46,59.0,83,0,3.0,ZA,1600988305
Basco,20.45,121.97,83.86,74,73,8.3,PH,1600988306
Severo-Kuril'sk,50.68,156.12,50.05,68,60,16.64,RU,1600987937
Lavrentiya,65.58,-171.0,36.75,78,73,16.69,RU,1600987778
Deputatsky,69.3,139.9,37.53,76,69,4.5,RU,1600987913
Svobody,44.03,43.05,62.6,72,0,11.18,RU,1600988306
Riyadh,24.69,46.72,84.2,30,87,1.9,SA,1600987846
Killybegs,54.63,-8.45,48.99,91,4,3.0,IE,1600988307
San Rafael,-34.62,-68.33,73.4,20,29,5.73,AR,1600987842
Terrace Bay,48.78,-87.1,53.73,69,0,3.27,CA,1600988307
Potsdam,52.4,13.07,55.99,76,100,2.24,DE,1600988035
Gedinne,49.98,4.94,52.0,93,100,11.41,BE,1600988308
Nara,34.69,135.8,69.8,100,75,8.05,JP,1600988308
Kimberley,-28.73,24.76,75.2,36,69,12.75,ZA,1600988308
Nouadhibou,20.93,-17.03,80.6,61,0,8.05,MR,1600987694
Bloomfield,40.81,-74.19,73.99,53,1,3.36,US,1600988178
Kruisfontein,-34.0,24.73,55.0,94,2,11.25,ZA,1600987860
Diu,20.71,70.98,79.12,85,15,8.03,IN,1600988309
Mineiros,-17.57,-52.55,79.09,38,0,5.1,BR,1600988309
Ambanja,-13.68,48.45,69.98,76,28,3.31,MG,1600988310
Atuona,-9.8,-139.03,78.15,73,7,16.58,PF,1600987870
Acapulco de Juárez,16.86,-99.89,86.0,74,75,6.93,MX,1600987936
Rantepao,-2.97,119.9,68.52,71,99,1.32,ID,1600988310
Ellensburg,47.0,-120.55,66.2,48,40,23.04,US,1600988053
Aden,12.78,45.04,88.21,65,0,12.21,YE,1600987905
Oxford,51.75,-1.26,44.6,100,75,2.24,GB,1600988032
Koutiala,12.39,-5.46,77.54,80,74,8.79,ML,1600988311
Mpika,-11.83,31.45,61.52,44,0,10.31,ZM,1600988312
Kupang,-10.17,123.58,78.8,69,20,3.36,ID,1600987987
Airai,-8.93,125.41,66.69,57,3,3.11,TL,1600987857
Iraray,8.99,118.05,80.26,79,90,5.35,PH,1600988312
San Quintín,30.48,-115.95,78.46,44,0,13.71,MX,1600987971
Henties Bay,-22.12,14.28,57.0,89,2,4.0,NA,1600987934
Fuling,29.7,107.39,66.85,89,100,2.44,CN,1600988313
Uniontown,39.9,-79.72,69.01,51,40,1.23,US,1600988313
Preston,53.77,-2.72,46.0,89,15,9.08,GB,1600988313
Fayaoué,-20.65,166.53,74.84,84,16,20.71,NC,1600988314
Cockburn Town,21.46,-71.14,83.34,79,8,14.05,TC,1600987616
Luganville,-15.53,167.17,80.6,78,75,4.7,VU,1600988314
Mazatlán,23.22,-106.42,91.4,70,20,5.82,MX,1600988314
Kalmunai,7.42,81.82,78.46,83,100,5.48,LK,1600987866
Wattegama,6.8,81.48,76.1,83,100,3.27,LK,1600988315
Navrongo,10.9,-1.09,77.32,85,90,5.32,GH,1600988315
Mataura,-46.19,168.86,46.99,95,77,8.99,NZ,1600987924
Ceyhan,37.02,35.82,80.01,88,20,4.7,TR,1600988316
Meulaboh,4.14,96.13,75.63,88,100,4.5,ID,1600987778
Port Alfred,-33.59,26.89,67.66,62,5,6.35,ZA,1600987786
Fallon,39.47,-118.78,87.8,8,40,8.05,US,1600988316
Bubaque,11.28,-15.83,81.61,79,70,12.08,GW,1600988316
Sittwe,20.15,92.9,80.94,83,100,5.23,MM,1600987795
Elizabeth City,36.29,-76.25,69.8,88,90,2.59,US,1600988103
Najrān,17.49,44.13,73.4,24,84,2.95,SA,1600987832
New Smyrna Beach,29.03,-80.93,81.0,78,75,9.17,US,1600988094
Kaka,37.35,59.61,51.33,38,0,2.04,TM,1600988317
Sennar,13.57,33.57,79.74,72,81,11.1,SD,1600988318
Chicama,-7.84,-79.15,65.23,74,66,7.34,PE,1600987858
Chokurdakh,70.63,147.92,40.41,79,25,9.93,RU,1600987924
Balud,10.15,123.7,80.6,78,75,6.93,PH,1600988318
Dingle,11.0,122.67,77.81,87,100,3.78,PH,1600987779
Balkhash,46.84,74.98,45.09,64,0,10.54,KZ,1600988319
Puerto Escondido,15.85,-97.07,86.0,62,75,10.29,MX,1600987966
Aklavik,68.22,-135.01,39.2,93,90,9.17,CA,1600987804
Skjervøy,70.03,20.97,41.67,82,100,17.36,NO,1600988319
Sinnamary,5.38,-52.95,79.45,84,17,7.74,GF,1600988320
Glyadyanskoye,54.91,65.09,38.28,92,2,7.38,RU,1600987930
Forestville,38.85,-76.88,70.0,82,1,4.7,US,1600988320
Concarneau,47.88,-3.92,50.0,87,42,12.75,FR,1600988320
Uvira,-3.41,29.15,76.51,53,25,2.21,CD,1600988321
Champasak,14.75,106.0,73.72,97,100,0.47,LA,1600988321
Alofi,-19.06,-169.92,78.8,74,75,18.34,NU,1600987985
Coruripe,-10.13,-36.18,73.42,81,0,9.37,BR,1600987793
Finnsnes,69.23,17.98,35.6,93,90,23.04,NO,1600988321
Muromtsevo,56.37,75.24,43.36,85,98,14.25,RU,1600988322
Gachsaran,30.36,50.8,78.8,39,0,3.2,IR,1600988322
Banda Aceh,5.56,95.32,79.66,75,97,7.67,ID,1600987925
Lamesa,32.74,-101.95,90.0,18,75,5.86,US,1600988322
Boende,-0.22,20.87,69.62,96,97,0.63,CD,1600988323
Karpogory,64.0,44.45,50.22,97,74,4.29,RU,1600988323
Rostovka,55.38,71.89,41.97,88,91,16.67,RU,1600988323
Provideniya,64.38,-173.3,41.0,72,40,11.18,RU,1600987782
Jalu,29.03,21.55,81.25,31,0,4.81,LY,1600988324
Hofn,64.25,-15.21,37.69,73,50,18.97,IS,1600987802
Shitanjing,39.23,106.34,55.96,53,88,5.41,CN,1600988324
Evanston,42.04,-87.69,78.01,53,47,7.2,US,1600988324
Matara,5.95,80.54,78.58,87,100,7.63,LK,1600987818
